nome_original,nome_normalizado
Daniel DU TRA DA SILVA (BRA) [5],Daniel DUTRA DA SILVA (BRA) [5]
Joao Vitor SCRAMIN DO LA GO (BRA) [14],Joao Vitor SCRAMIN DO LAGO (BRA) [14]
Juan Ignacio CENTURION DE L VALLE (ARG) (WC),Juan Ignacio CENTURION DEL VALLE (ARG) (WC)
Mateo DE L PINO (ARG) (Q),Mateo DEL PINO (ARG) (Q)
Mateo DE L PINO (ARG) [10],Mateo DEL PINO (ARG) [10]
Nicolas GARCIA LO NGO (ARG) (WC),Nicolas GARCIA LONGO (ARG) (WC)
Wilson LE ITE (BRA),Wilson LEITE (BRA)
